,mnist,musk,optdigits,pendigits,satimage-2
One-class SVM (OCSVM),0.8844799999999999,1.0,0.61124,0.9593,0.9978200000000002
Local Outlier Factor (LOF),0.9446,1.0,0.97766,0.9944199999999999,0.9954599999999999
Isolation Forest,0.85266,0.9858,0.85908,0.9738399999999998,0.9930999999999999
AutoEncoder,0.91034,1.0,0.5804,0.93922,0.9788600000000001
DeepSVDD,0.60996,0.94988,0.51738,0.36854,0.4678
