,mnist,musk,optdigits,pendigits,satimage-2
One-class SVM (OCSVM),0.42210000000000003,1.0,0.0,0.39828,0.87794
Local Outlier Factor (LOF),0.64584,1.0,0.39293999999999996,0.8013600000000001,0.8292399999999999
Isolation Forest,0.36744000000000004,0.6596200000000001,0.0829,0.39394,0.82922
AutoEncoder,0.5402600000000001,1.0,0.0,0.30772000000000005,0.82922
DeepSVDD,0.25458,0.92262,0.09528,0.0064600000000000005,0.0
