,mnist,musk,optdigits,pendigits,satimage-2
One-class SVM (OCSVM),0.42210000000000003,1.0,0.0,0.39828,0.87794
Local Outlier Factor (LOF),0.59984,1.0,0.026600000000000002,0.42867999999999995,0.8138399999999999
Isolation Forest,0.39772,0.6462399999999999,0.08778,0.39421999999999996,0.82922
AutoEncoder,0.5402600000000001,1.0,0.0,0.30772000000000005,0.82922
DeepSVDD,0.39718,1.0,0.029099999999999997,0.018160000000000003,0.03206
