,mnist,musk,optdigits,pendigits,satimage-2
One-class SVM (OCSVM),0.8844799999999999,1.0,0.61124,0.9593,0.9978200000000002
Local Outlier Factor (LOF),0.9398800000000002,1.0,0.91164,0.9780200000000001,0.9977600000000001
Isolation Forest,0.8756,0.9873,0.8625399999999999,0.9737600000000001,0.99506
AutoEncoder,0.9099400000000001,1.0,0.58206,0.9392799999999999,0.97882
DeepSVDD,0.6431600000000001,1.0,0.48550000000000004,0.43178,0.44749999999999995
